﻿<?xml version="1.0" encoding="utf-8"?>
<LanguageData>

  <!-- 술 -->

  <Mead.label>hydromel</Mead.label>
  <Mead.description>L'hydromel est exclusivement une boisson fermentée, faite d'eau et de miel.</Mead.description>
  <Mead.ingestible.ingestCommandString>Boir {0}</Mead.ingestible.ingestCommandString>
  <Mead.ingestible.ingestReportString>En buvant {0}.</Mead.ingestible.ingestReportString>

  <Makkoli.label>Makkoli</Makkoli.label>
  <Makkoli.description>Makkoli est un type d'alcool de riz coréen doux et laiteux, issu d'une fermentation des amidons de céréales après cuisson</Makkoli.description>
  <Makkoli.ingestible.ingestCommandString>Boir {0}</Makkoli.ingestible.ingestCommandString>
  <Makkoli.ingestible.ingestReportString>En buvant {0}.</Makkoli.ingestible.ingestReportString>

  <Wine.label>Wine</Wine.label>
  <Wine.description>Wine is an alcoholic beverage made from fruit fermented without the addition of sugars or other nutrients</Wine.description>
  <Wine.ingestible.ingestCommandString>Drink {0}</Wine.ingestible.ingestCommandString>
  <Wine.ingestible.ingestReportString>Drinking {0}.</Wine.ingestible.ingestReportString>

  <Soju.label>Soju</Soju.label>
  <Soju.description>Soju est un spiritueux originaire de Corée. </Soju.description>
  <Soju.ingestible.ingestCommandString>Boir {0}</Soju.ingestible.ingestCommandString>
  <Soju.ingestible.ingestReportString>En buvant {0}.</Soju.ingestible.ingestReportString>

  <Whiskey.label>Whiskey</Whiskey.label>
  <Whiskey.description>whiskey is a type of distilled alcoholic beverage made from fermented grain mash.</Whiskey.description>
  <Whiskey.ingestible.ingestCommandString>Drink {0}</Whiskey.ingestible.ingestCommandString>
  <Whiskey.ingestible.ingestReportString>Drinking {0}.</Whiskey.ingestible.ingestReportString>

  <Vodka.label>Vodka</Vodka.label>
  <Vodka.description>Vodka is a distilled beverage composed primarily of water and ethanol, sometimes with traces of impurities and flavorings.</Vodka.description>
  <Vodka.ingestible.ingestCommandString>Drink {0}</Vodka.ingestible.ingestCommandString>
  <Vodka.ingestible.ingestReportString>Drinking {0}.</Vodka.ingestible.ingestReportString>


</LanguageData>