﻿<?xml version="1.0" encoding="utf-8"?>
<LanguageData>

  <!-- 바닐라  
  <ThingDef ParentName="BarrelBase">
    <defName>FermentingBarrel</defName>
    <label>fermenting barrel, Beer</label>
    <comps>
		<comps>
			<li Class="CompProperties_TemperatureRuinable">
				<minSafeTemperature>-1</minSafeTemperature>
				<maxSafeTemperature>32</maxSafeTemperature>
				<progressPerDegreePerTick>0.00001</progressPerDegreePerTick>
			</li>
		</comps>
      <li Class="CuprosDrinks.CompProperties_AlcoholBarrel">
        <ingredient>Wort</ingredient>
        <product>Beer</product>
      </li>
    </comps>
  </ThingDef> -->

  <FermentingFertilizerBarrel.label>Baril de fermentation d'engrais</FermentingFertilizerBarrel.label>
  <FermentingFertilizerBarrel.description>Un baril pour faire fermenter l'engrais brut.</FermentingFertilizerBarrel.description>
  <FermentingFertilizerBarrel_Blueprint.label>Baril de fermentation d'engrais. (blueprint)</FermentingFertilizerBarrel_Blueprint.label>
  <FermentingFertilizerBarrel_Blueprint_Install.label>Baril de fermentation d'engrais. (blueprint)</FermentingFertilizerBarrel_Blueprint_Install.label>
  <FermentingFertilizerBarrel_Frame.label>Baril de fermentation d'engrais. (construction)</FermentingFertilizerBarrel_Frame.label>
  <FermentingFertilizerBarrel_Frame.description>Un baril de fermentation d'engrais brut pour le transformer en fumier.</FermentingFertilizerBarrel_Frame.description>

  <FermentingMeadBarrel.label>Baril de fermentation d'hydromel</FermentingMeadBarrel.label>
  <FermentingMeadBarrel.description>Un baril pour fermenter l'hydromel brut en hydromel.</FermentingMeadBarrel.description>
  <FermentingMeadBarrel_Blueprint.label>Baril de fermentation d'hydromel. (blueprint)</FermentingMeadBarrel_Blueprint.label>
  <FermentingMeadBarrel_Blueprint_Install.label>Baril de fermentation d'hydromel.(blueprint)</FermentingMeadBarrel_Blueprint_Install.label>
  <FermentingMeadBarrel_Frame.label>Baril de fermentation d'hydromel (building)</FermentingMeadBarrel_Frame.label>
  <FermentingMeadBarrel_Frame.description>Un baril pour fermenter l'hydromel brut en hydromel.</FermentingMeadBarrel_Frame.description>

  <FermentingMakkoliBarrel.label>Baril de fermentation de Makkoli</FermentingMakkoliBarrel.label>
  <FermentingMakkoliBarrel.description>Un Baril pour fermenter le makkoli brut en makkoli.</FermentingMakkoliBarrel.description>
  <FermentingMakkoliBarrel_Blueprint.label>Baril de fermentation de Makkoli. (blueprint)</FermentingMakkoliBarrel_Blueprint.label>
  <FermentingMakkoliBarrel_Blueprint_Install.label>Baril de fermentation de Makkoli. (blueprint)</FermentingMakkoliBarrel_Blueprint_Install.label>
  <FermentingMakkoliBarrel_Frame.label>Baril de fermentation de Makkoli. (construction)</FermentingMakkoliBarrel_Frame.label>
  <FermentingMakkoliBarrel_Frame.description>Un Baril pour fermenter le makkoli brut en makkoli.</FermentingMakkoliBarrel_Frame.description>

  <FermentingWineBarrel.label>Wine fermenting barrel.</FermentingWineBarrel.label>
  <FermentingWineBarrel.description>A barrel for fermenting Raw Wine into Wine.</FermentingWineBarrel.description>
  <FermentingWineBarrel_Blueprint.label>Wine fermenting barrel. (blueprint)</FermentingWineBarrel_Blueprint.label>
  <FermentingWineBarrel_Blueprint_Install.label>Wine fermenting barrel. (blueprint)</FermentingWineBarrel_Blueprint_Install.label>
  <FermentingWineBarrel_Frame.label>Wine fermenting barrel. (building)</FermentingWineBarrel_Frame.label>
  <FermentingWineBarrel_Frame.description>A barrel for fermenting Raw Wine into Wine.</FermentingWineBarrel_Frame.description>


</LanguageData>