﻿<?xml version="1.0" encoding="utf-8"?>
<LanguageData>

  <Saltlessrice.label>Saltless Rice [1Tier]</Saltlessrice.label>
  <Saltlessrice.description>A Rice is lack of salt.</Saltlessrice.description>

  <Rice_food.label>Rice [1Tier]</Rice_food.label>
  <Rice_food.description>A Rice is Oriental traditional basic food.</Rice_food.description>

  <congee.label>Soupe de riz</congee.label>
  <congee.description>Une soupe de riz est faite pour les patients. Facile à digérer.</congee.description>

  <Vegetable_fried_rice.label>Vegetable fried rice [2Tier]</Vegetable_fried_rice.label>
  <Vegetable_fried_rice.description>A rice that is made of vegetable and some spice.</Vegetable_fried_rice.description>

  <Rice_topped_with_meat.label>Rice_topped_with_meat [2Tier]</Rice_topped_with_meat.label>
  <Rice_topped_with_meat.description>A rice that is made of meat and some spice.</Rice_topped_with_meat.description>

  <Kimbap.label>Kimbap [2Tier]</Kimbap.label>
  <Kimbap.description>Kimbap is korea traditional food which is cook of various ingredients such as meat, ham, cheese or vegetable.</Kimbap.description>


</LanguageData>