﻿<?xml version="1.0" encoding="utf-8"?>
<LanguageData>

  <!-- Production crops -->

  <PlantFlax.label>Flax plant</PlantFlax.label>
  <PlantFlax.description>Yields Flax, a basic plant fiber used to make cloth.</PlantFlax.description>

  <PlantHemp.label>Hemp plant</PlantHemp.label>
  <PlantHemp.description>Yields Hemp, a fine plant fiber used to make cloth.</PlantHemp.description>

  <!--[Core] <PlantCotton.label>plant de coton</PlantCotton.label>-->
  <!--[Core] <PlantCotton.description>Produit du coton, une fibre végétale utilisée dans la fabrication de tissu.</PlantCotton.description>-->

  <PlantChinese_Mulberry_Tree.label>Chinese Mulberry tree</PlantChinese_Mulberry_Tree.label>
  <PlantChinese_Mulberry_Tree.description>Chinese Mulberry Tree produce mulberry which is feed of silkworm. You can gain silk by giving it to silkworm. Of course, You should make silkworm farm.</PlantChinese_Mulberry_Tree.description>

  <!--[Core] <PlantDevilstrand.label>diabledeau</PlantDevilstrand.label>-->
  <!--[Core] <PlantDevilstrand.description>Ce champignon délicat a été conçu par génie génétique pour produire une soie de haute qualité. Longtemps réputé avoir des vertus mystiques, il doit son nom à la cupidité qu'il inspire.</PlantDevilstrand.description>-->


</LanguageData>