﻿<?xml version="1.0" encoding="utf-8"?>
<LanguageData>

  <!-- 1티어 -->

  <PlantPeachTree.label>pêche</PlantPeachTree.label>
  <PlantPeachTree.description>Les pêches produisent des fruits doux, flous et doux appelés pêches. Le pêcherier restera après la récolte et commencera un autre cycle de production de pêche.</PlantPeachTree.description>

  <Plantgrape.label>vigne de raison</Plantgrape.label>
  <Plantgrape.description>Les vignes produisent des petits baies douces qui poussent en grappes sur une seule branche. Ces fruits sont appelés raisins.</Plantgrape.description>


  <!-- 2티어 -->

  <PlantOrangeTree.label>Oranger</PlantOrangeTree.label>
  <PlantOrangeTree.description>Les orangers produisent des fruits doux, flous et doux appelés Orange. L'oranger restera après la récolte et commencera un autre cycle de production d'Orange.</PlantOrangeTree.description>

  <PlantOlive.label>Vigne d'olive</PlantOlive.label>
  <PlantOlive.description>Les vignes d'olives produisent des petits baies douces qui poussent en grappes sur une seule branche. Ces fruits s'appellent Olive.</PlantOlive.description>


  <!-- 3티어 -->

  <PlantApple.label>Pommier</PlantApple.label>
  <PlantApple.description>Les pommes produisent des pommes. Le pommier restera après la récolte et commencera un autre cycle de production d'Apple.</PlantApple.description>

  <!--[Core] <PlantStrawberry.label>plant de fraisier</PlantStrawberry.label>-->
  <!--[Core] <PlantStrawberry.description>Un fruit fragile mais goûteux. Délicieux même cru, il a besoin d'un sol riche pour pousser.</PlantStrawberry.description>-->

  <PlantMelon.label>Vigne de Melon</PlantMelon.label>
  <PlantMelon.description>La vigne de melon produit du Melon. Il est difficile de grandir. Mais si vous réussissez à grandir, cela vous procure beaucoup d'avantages.</PlantMelon.description>


  <!--<PlantStrawberry.label>Vigne de fraises</PlantStrawberry.label>-->
  <!--<PlantStrawberry.description>Les vignes de fraises produisent des petits baies douces qui poussent en grappes sur une seule branche.</PlantStrawberry.description>-->

</LanguageData>