﻿<?xml version="1.0" encoding="utf-8"?>
<LanguageData>

  <compost.label>compost</compost.label>
  <compost.description>compost, the thing that used to make soil rich.</compost.description>

  <RawFertilizer.label>Raw Fertilizer</RawFertilizer.label>
  <RawFertilizer.description>Raw Fertilizer, the thing that used to make Fertilizer. You need to ferment it in barrel</RawFertilizer.description>

  <Fertilizer.label>Fertilizer</Fertilizer.label>
  <Fertilizer.description>Fertilizer, the thing that used to make soil rich.</Fertilizer.description>


</LanguageData>