﻿<?xml version="1.0" encoding="utf-8"?>
<LanguageData>

  <!-- Salt -->

  <T_SaltI.label>Modern Salt Produce</T_SaltI.label>
  <T_SaltI.description>Learn the to produce salt by modern way.</T_SaltI.description>

  <T_SaltII.label>Future Salt Produce</T_SaltII.label>
  <T_SaltII.description>Learn the to produce salt by future way.</T_SaltII.description>


  <!-- Agriculture -->

  <T_Agriculture.label>Basic Agriculture</T_Agriculture.label>
  <T_Agriculture.description>Learn the basic of agriculture on this new world.  Allows the growing of Proso millet.</T_Agriculture.description>

  <T_FieldI.label>Basic Soil</T_FieldI.label>
  <T_FieldI.description>Learn the to build basic Field.</T_FieldI.description>

  <T_FieldII.label>Advanced Field</T_FieldII.label>
  <T_FieldII.description>Learn the to build Advanced Field.</T_FieldII.description>

  <Hydroponics.label>hydroponics</Hydroponics.label>
  <Hydroponics.description>Allows you to build hydroponics basins to rapidly grow crops indoors regardless of the terrain or weather outside.</Hydroponics.description>


  <!-- Grain -->

  <T_GrainI.label>Grain Research I</T_GrainI.label>
  <T_GrainI.description>Allows the growing of some basic grains, such as Foxtail millet and Sorghum.</T_GrainI.description>


  <!-- Plant_Foxtail_millet
					Plant_Sorghum -->

  <T_GrainII.label>Grain Research II</T_GrainII.label>
  <T_GrainII.description>Further advancements in agriculture enables the ability for your colonists to grow new grains, such as barley and potato.</T_GrainII.description>


  <!-- PlantBarley
					PlantPotato -->

  <T_GrainIII.label>Grain Research III</T_GrainIII.label>
  <T_GrainIII.description>Even further advancements in agriculture gives your colonists the ability to grow new grain, such as rice, corn and wheat.</T_GrainIII.description>


  <!-- Fruit -->

  <T_FruitI.label>Fruit Research I</T_FruitI.label>
  <T_FruitI.description>Allows the growing of some basic Fruit, such as Peach and Grape.</T_FruitI.description>


  <!-- PlantPeach
					PlantGrape -->

  <T_FruitII.label>Fruit Research II</T_FruitII.label>
  <T_FruitII.description>Further advancements in agriculture enables the ability for your colonists to grow new Fruit, such as Orange and Olive.</T_FruitII.description>


  <!-- PlantOrange
					PlantOlive -->

  <T_FruitIII.label>Fruit Research III</T_FruitIII.label>
  <T_FruitIII.description>Even further advancements in agriculture gives your colonists the ability to grow new Fruit, such as Apple, Strawberry and Melon.</T_FruitIII.description>


  <!-- Vegetable -->

  <T_VegetableI.label>Vegetable Research I</T_VegetableI.label>
  <T_VegetableI.description>Allows the growing of some basic Fruit, such as Radish and mugwort.</T_VegetableI.description>


  <!-- PlantPeach
					PlantGrape -->

  <T_VegetableII.label>Vegetable Research II</T_VegetableII.label>
  <T_VegetableII.description>Further advancements in agriculture enables the ability for your colonists to grow new Vegetable, such as Cabbage and lettuce.</T_VegetableII.description>


  <!-- PlantOrange
					PlantOlive -->

  <T_VegetableIII.label>Vegetable Research III</T_VegetableIII.label>
  <T_VegetableIII.description>Even further advancements in agriculture gives your colonists the ability to grow new Vegetable, such as Carrot, Sweetpepper and Pumpkin.</T_VegetableIII.description>


  <!-- Spice -->

  <T_SpiceI.label>Spice Research I</T_SpiceI.label>
  <T_SpiceI.description>Allows the growing of some basic Spice, such as Cinnamont.</T_SpiceI.description>


  <!-- PlantPeach
					PlantGrape -->

  <T_SpiceII.label>Spice Research II</T_SpiceII.label>
  <T_SpiceII.description>Further advancements in agriculture enables the ability for your colonists to grow new Spice, such as Pepper.</T_SpiceII.description>


  <!-- PlantOrange
					PlantOlive -->

  <T_SpiceIII.label>Spice Research III</T_SpiceIII.label>
  <T_SpiceIII.description>Even further advancements in agriculture gives your colonists the ability to grow new Spice, such as Black Pepper.</T_SpiceIII.description>


  <!-- PlantApple
							PlantStrawberry
							PlantMelon -->

  <T_FlowerI.label>Flower research I</T_FlowerI.label>
  <T_FlowerI.description>Learn the to grow red flower for honey.</T_FlowerI.description>

  <T_FlowerII.label>Flower research II</T_FlowerII.label>
  <T_FlowerII.description>Learn the to grow purple flower for honey.</T_FlowerII.description>

  <T_FlowerIII.label>Flower research III</T_FlowerIII.label>
  <T_FlowerIII.description>Learn the to grow honey flower for honey.</T_FlowerIII.description>


</LanguageData>