<?xml version="1.0" encoding="utf-8" ?>
<Defs>
    <MainButtonDef>
        <defName>Reminders</defName>
        <label>reminders</label>
        <description>Schedule, edit and delete reminders.</description>
        <tabWindowClass>Reminders.MainTabWindow_Reminders</tabWindowClass>
        <!-- Between History and Faction tabs -->
        <order>85</order>
        <validWithoutMap>true</validWithoutMap>
        <minimized>True</minimized>
        <iconPath>UI/Buttons/MainButtons/Reminders</iconPath>
    </MainButtonDef>
</Defs>