﻿<?xml version="1.0" encoding="utf-8"?>
<LanguageData>

  <!-- 술 -->

  <Mead.label>Mead</Mead.label>
  <Mead.description>Mead is an alcoholic beverage created by fermenting honey with water.</Mead.description>
  <Mead.ingestible.ingestCommandString>Drink {0}</Mead.ingestible.ingestCommandString>
  <Mead.ingestible.ingestReportString>Drinking {0}.</Mead.ingestible.ingestReportString>

  <Makkoli.label>Makkoli</Makkoli.label>
  <Makkoli.description>Makkoli is Korea traditional alcoholic beverage base on rice. It's usally drunk by Farmers. Cheap and easy to make. Also give power for hard working.\nThe main thing is you can make Soju by boiling it!</Makkoli.description>
  <Makkoli.ingestible.ingestCommandString>Drink {0}</Makkoli.ingestible.ingestCommandString>
  <Makkoli.ingestible.ingestReportString>Drinking {0}.</Makkoli.ingestible.ingestReportString>

  <Wine.label>Wine</Wine.label>
  <Wine.description>Wine is an alcoholic beverage made from fruit fermented without the addition of sugars or other nutrients</Wine.description>
  <Wine.ingestible.ingestCommandString>Drink {0}</Wine.ingestible.ingestCommandString>
  <Wine.ingestible.ingestReportString>Drinking {0}.</Wine.ingestible.ingestReportString>

  <Soju.label>Soju</Soju.label>
  <Soju.description>Soju is base of distilled beverage. Using this, You can make various liqueurs! If you want to make soju, then just boil Makkoli.</Soju.description>
  <Soju.ingestible.ingestCommandString>Drink {0}</Soju.ingestible.ingestCommandString>
  <Soju.ingestible.ingestReportString>Drinking {0}.</Soju.ingestible.ingestReportString>

  <Whiskey.label>Whiskey</Whiskey.label>
  <Whiskey.description>whiskey is a type of distilled alcoholic beverage made from fermented grain mash.</Whiskey.description>
  <Whiskey.ingestible.ingestCommandString>Drink {0}</Whiskey.ingestible.ingestCommandString>
  <Whiskey.ingestible.ingestReportString>Drinking {0}.</Whiskey.ingestible.ingestReportString>

  <Vodka.label>Vodka</Vodka.label>
  <Vodka.description>Vodka is a distilled beverage composed primarily of water and ethanol, sometimes with traces of impurities and flavorings.</Vodka.description>
  <Vodka.ingestible.ingestCommandString>Drink {0}</Vodka.ingestible.ingestCommandString>
  <Vodka.ingestible.ingestReportString>Drinking {0}.</Vodka.ingestible.ingestReportString>


</LanguageData>