﻿<?xml version="1.0" encoding="utf-8"?>
<LanguageData>

  <!-- Work tables -->

  <TableAgriculture.label>Agricultural product table</TableAgriculture.label>
  <TableAgriculture.description>A heavy table for butchering dead creatures into pieces of raw meat.</TableAgriculture.description>
  <TableAgriculture_Blueprint.label>Agricultural product table (blueprint)</TableAgriculture_Blueprint.label>
  <TableAgriculture_Frame.label>Agricultural product table (building)</TableAgriculture_Frame.label>
  <TableAgriculture_Frame.description>A heavy table for butchering dead creatures into pieces of raw meat.</TableAgriculture_Frame.description>

  <Campfire.label>campfire</Campfire.label>
  <Campfire.description>Cooks meals and produces heat. Burns out after a few days. As with all heat sources, it must be placed indoors so it has a closed space to heat. Refuelable.</Campfire.description>
  <Campfire_Blueprint.label>campfire (blueprint)</Campfire_Blueprint.label>
  <Campfire_Frame.label>campfire (building)</Campfire_Frame.label>
  <Campfire_Frame.description>Cooks meals and produces heat. Burns out after a few days. As with all heat sources, it must be placed indoors so it has a closed space to heat. Refuelable.</Campfire_Frame.description>

  <CookingCampfire.label>Cooking campfire</CookingCampfire.label>
  <CookingCampfire.description>Cooking meals by heat. Burns out after a few days. As with all heat sources, it must be placed indoors so it has a closed space to heat. Refuelable.</CookingCampfire.description>
  <CookingCampfire_Blueprint.label>Cooking campfire (blueprint)</CookingCampfire_Blueprint.label>
  <CookingCampfire_Frame.label>Cooking campfire (building)</CookingCampfire_Frame.label>
  <CookingCampfire_Frame.description>Cooking meals by heat. Burns out after a few days. As with all heat sources, it must be placed indoors so it has a closed space to heat. Refuelable.</CookingCampfire_Frame.description>

  <Oven.label>oven</Oven.label>
  <Oven.description>A oven that is used for baking.</Oven.description>
  <Oven_Blueprint.label>oven (blueprint)</Oven_Blueprint.label>
  <Oven_Frame.label>oven (building)</Oven_Frame.label>
  <Oven_Frame.description>A oven that is used for baking.</Oven_Frame.description>

  <ElectricOven.label>Electric oven</ElectricOven.label>
  <ElectricOven.description>A oven that is worked by electricity.</ElectricOven.description>
  <ElectricOven_Blueprint.label>Electric oven (blueprint)</ElectricOven_Blueprint.label>
  <ElectricOven_Frame.label>Electric oven (building)</ElectricOven_Frame.label>
  <ElectricOven_Frame.description>A oven that is worked by electricity.</ElectricOven_Frame.description>

  <Electricteamachine.label>Electric tea machine</Electricteamachine.label>
  <Electricteamachine.description>A tea machine that is worked by electricity.</Electricteamachine.description>
  <Electricteamachine_Blueprint.label>Electric tea machine (blueprint)</Electricteamachine_Blueprint.label>
  <Electricteamachine_Frame.label>Electric tea machine (building)</Electricteamachine_Frame.label>
  <Electricteamachine_Frame.description>A tea machine that is worked by electricity.</Electricteamachine_Frame.description>

  <distiller.label>distiller</distiller.label>
  <distiller.description>A distiller that is used for boiling Alcohol.</distiller.description>
  <distiller_Blueprint.label>distiller (blueprint)</distiller_Blueprint.label>
  <distiller_Frame.label>distiller (building)</distiller_Frame.label>
  <distiller_Frame.description>A distiller that is used for boiling Alcohol.</distiller_Frame.description>

  <ElectricStove.label>electric stove</ElectricStove.label>
  <ElectricStove.description>An electrically-powered stove with an attached countertop for preparing meals.</ElectricStove.description>
  <ElectricStove_Blueprint.label>electric stove (blueprint)</ElectricStove_Blueprint.label>
  <ElectricStove_Frame.label>electric stove (building)</ElectricStove_Frame.label>
  <ElectricStove_Frame.description>An electrically-powered stove with an attached countertop for preparing meals.</ElectricStove_Frame.description>

  <ProfessionalElectricStove.label>Professional electric stove</ProfessionalElectricStove.label>
  <ProfessionalElectricStove.description>An electrically-powered stove with an attached countertop for preparing a lots of meals by once.</ProfessionalElectricStove.description>
  <ProfessionalElectricStove_Blueprint.label>Professional electric stove (blueprint)</ProfessionalElectricStove_Blueprint.label>
  <ProfessionalElectricStove_Frame.label>Professional electric stove (building)</ProfessionalElectricStove_Frame.label>
  <ProfessionalElectricStove_Frame.description>An electrically-powered stove with an attached countertop for preparing a lots of meals by once.</ProfessionalElectricStove_Frame.description>

  <FueledStove.label>fueled stove</FueledStove.label>
  <FueledStove.description>A simple wood-fueled stove with an attached countertop for preparing meals.</FueledStove.description>
  <FueledStove_Blueprint.label>fueled stove (blueprint)</FueledStove_Blueprint.label>
  <FueledStove_Frame.label>fueled stove (building)</FueledStove_Frame.label>
  <FueledStove_Frame.description>A simple wood-fueled stove with an attached countertop for preparing meals.</FueledStove_Frame.description>

  <ProfessionalFueledStove.label>Professional fueled stove</ProfessionalFueledStove.label>
  <ProfessionalFueledStove.description>A Professional wood-fueled stove with an attached countertop for preparing meals.</ProfessionalFueledStove.description>
  <ProfessionalFueledStove_Blueprint.label>Professional fueled stove (blueprint)</ProfessionalFueledStove_Blueprint.label>
  <ProfessionalFueledStove_Frame.label>Professional fueled stove (building)</ProfessionalFueledStove_Frame.label>
  <ProfessionalFueledStove_Frame.description>A Professional wood-fueled stove with an attached countertop for preparing meals.</ProfessionalFueledStove_Frame.description>


</LanguageData>