﻿<?xml version="1.0" encoding="utf-8"?>
<LanguageData>

  <!-- 덜 관개된 밭 -->

  <Field_poorI.label>Small poor Field [Fert:70%]</Field_poorI.label>
  <Field_poorI.description>The land that can grow crop and vegetable. You need to give water and compost for maintain</Field_poorI.description>
  <Field_poorI_Blueprint.label>Small poor Field [Fert:70%] (blueprint)</Field_poorI_Blueprint.label>
  <Field_poorI_Frame.label>Small poor Field [Fert:70%] (building)</Field_poorI_Frame.label>
  <Field_poorI_Frame.description>The land that can grow crop and vegetable. You need to give water and compost for maintain</Field_poorI_Frame.description>

  <Field_poorII.label>Medium poor Field [Fert:70%]</Field_poorII.label>
  <Field_poorII.description>The land that can grow crop and vegetable. You need to give water and compost for maintain</Field_poorII.description>
  <Field_poorII_Blueprint.label>Medium poor Field [Fert:70%] (blueprint)</Field_poorII_Blueprint.label>
  <Field_poorII_Frame.label>Medium poor Field [Fert:70%] (building)</Field_poorII_Frame.label>
  <Field_poorII_Frame.description>The land that can grow crop and vegetable. You need to give water and compost for maintain</Field_poorII_Frame.description>

  <Field_poorIII.label>Large poor Field [Fert:70%]</Field_poorIII.label>
  <Field_poorIII.description>The land that can grow crop and vegetable. You need to give water and compost for maintain</Field_poorIII.description>
  <Field_poorIII_Blueprint.label>Large poor Field [Fert:70%] (blueprint)</Field_poorIII_Blueprint.label>
  <Field_poorIII_Frame.label>Large poor Field [Fert:70%] (building)</Field_poorIII_Frame.label>
  <Field_poorIII_Frame.description>The land that can grow crop and vegetable. You need to give water and compost for maintain</Field_poorIII_Frame.description>


  <!-- 기본 밭 -->

  <Field_baseI.label>Small Basic Field [Fert:100%]</Field_baseI.label>
  <Field_baseI.description>The land that can grow crop and vegetable. You need to give water and compost for maintain</Field_baseI.description>
  <Field_baseI_Blueprint.label>Small Basic Field [Fert:100%] (blueprint)</Field_baseI_Blueprint.label>
  <Field_baseI_Frame.label>Small Basic Field [Fert:100%] (building)</Field_baseI_Frame.label>
  <Field_baseI_Frame.description>The land that can grow crop and vegetable. You need to give water and compost for maintain</Field_baseI_Frame.description>

  <Field_baseII.label>Medium Basic Field [Fert:100%]</Field_baseII.label>
  <Field_baseII.description>The land that can grow crop and vegetable. You need to give water and compost for maintain</Field_baseII.description>
  <Field_baseII_Blueprint.label>Medium Basic Field [Fert:100%] (blueprint)</Field_baseII_Blueprint.label>
  <Field_baseII_Frame.label>Medium Basic Field [Fert:100%] (building)</Field_baseII_Frame.label>
  <Field_baseII_Frame.description>The land that can grow crop and vegetable. You need to give water and compost for maintain</Field_baseII_Frame.description>

  <Field_baseIII.label>Large Basic Field [Fert:100%]</Field_baseIII.label>
  <Field_baseIII.description>The land that can grow crop and vegetable. You need to give water and compost for maintain</Field_baseIII.description>
  <Field_baseIII_Blueprint.label>Large Basic Field [Fert:100%] (blueprint)</Field_baseIII_Blueprint.label>
  <Field_baseIII_Frame.label>Large Basic Field [Fert:100%] (building)</Field_baseIII_Frame.label>
  <Field_baseIII_Frame.description>The land that can grow crop and vegetable. You need to give water and compost for maintain</Field_baseIII_Frame.description>


  <!-- 고급 밭 -->

  <Field_advI.label>Small Advanced Field [Fert:145%]</Field_advI.label>
  <Field_advI.description>The land that can grow crop and vegetable. You need to give water and fertilizer for maintain</Field_advI.description>
  <Field_advI_Blueprint.label>Small Advanced Field [Fert:145%] (blueprint)</Field_advI_Blueprint.label>
  <Field_advI_Frame.label>Small Advanced Field [Fert:145%] (building)</Field_advI_Frame.label>
  <Field_advI_Frame.description>The land that can grow crop and vegetable. You need to give water and fertilizer for maintain</Field_advI_Frame.description>

  <Field_advII.label>Medium Advanced Field [Fert:145%]</Field_advII.label>
  <Field_advII.description>The land that can grow crop and vegetable. You need to give water and fertilizer for maintain</Field_advII.description>
  <Field_advII_Blueprint.label>Medium Advanced Field [Fert:145%] (blueprint)</Field_advII_Blueprint.label>
  <Field_advII_Frame.label>Medium Advanced Field [Fert:145%] (building)</Field_advII_Frame.label>
  <Field_advII_Frame.description>The land that can grow crop and vegetable. You need to give water and fertilizer for maintain</Field_advII_Frame.description>

  <Field_advIII.label>Large Advanced Field [Fert:145%]</Field_advIII.label>
  <Field_advIII.description>The land that can grow crop and vegetable. You need to give water and fertilizer for maintain</Field_advIII.description>
  <Field_advIII_Blueprint.label>Large Advanced Field [Fert:145%] (blueprint)</Field_advIII_Blueprint.label>
  <Field_advIII_Frame.label>Large Advanced Field [Fert:145%] (building)</Field_advIII_Frame.label>
  <Field_advIII_Frame.description>The land that can grow crop and vegetable. You need to give water and fertilizer for maintain</Field_advIII_Frame.description>


  <!-- 수경재배기 -->

  <HydroponicsBasin.label>Small hydroponics basin</HydroponicsBasin.label>
  <HydroponicsBasin.description>Grows plants quickly in an artificial nutrient bath. Requires power to work; plants will die if power is cut.</HydroponicsBasin.description>
  <HydroponicsBasin_Blueprint.label>Small hydroponics basin (blueprint)</HydroponicsBasin_Blueprint.label>
  <HydroponicsBasin_Frame.label>Small hydroponics basin (building)</HydroponicsBasin_Frame.label>
  <HydroponicsBasin_Frame.description>Grows plants quickly in an artificial nutrient bath. Requires power to work; plants will die if power is cut.</HydroponicsBasin_Frame.description>

  <MHydroponicsBasin.label>Medium hydroponics basin</MHydroponicsBasin.label>
  <MHydroponicsBasin.description>Grows plants quickly in an artificial nutrient bath. Requires power to work; plants will die if power is cut.</MHydroponicsBasin.description>
  <MHydroponicsBasin_Blueprint.label>Medium hydroponics basin (blueprint)</MHydroponicsBasin_Blueprint.label>
  <MHydroponicsBasin_Frame.label>Medium hydroponics basin (building)</MHydroponicsBasin_Frame.label>
  <MHydroponicsBasin_Frame.description>Grows plants quickly in an artificial nutrient bath. Requires power to work; plants will die if power is cut.</MHydroponicsBasin_Frame.description>

  <LHydroponicsBasin.label>Large hydroponics basin</LHydroponicsBasin.label>
  <LHydroponicsBasin.description>Grows plants quickly in an artificial nutrient bath. Requires power to work; plants will die if power is cut.</LHydroponicsBasin.description>
  <LHydroponicsBasin_Blueprint.label>Large hydroponics basin (blueprint)</LHydroponicsBasin_Blueprint.label>
  <LHydroponicsBasin_Frame.label>Large hydroponics basin (building)</LHydroponicsBasin_Frame.label>
  <LHydroponicsBasin_Frame.description>Grows plants quickly in an artificial nutrient bath. Requires power to work; plants will die if power is cut.</LHydroponicsBasin_Frame.description>


</LanguageData>