﻿<?xml version="1.0" encoding="utf-8"?>
<LanguageData>

  <SaltlessBread.label>Saltless Bread [1Tier]</SaltlessBread.label>
  <SaltlessBread.description>A Bread is lack of salt.</SaltlessBread.description>

  <Bread.label>Bread [1Tier]</Bread.label>
  <Bread.description>A Bread is made for massive production. Easy to make.</Bread.description>

  <Fruitpie.label>Fruit pie [2Tier]</Fruitpie.label>
  <Fruitpie.description>A pie that is made of Fruit and Bread.</Fruitpie.description>

  <vegetablebread.label>Vegetable bread [2Tier]</vegetablebread.label>
  <vegetablebread.description>A Bread that is made of Vegetable and Bread.</vegetablebread.description>

  <honeybread.label>Honeybread bread [2Tier]</honeybread.label>
  <honeybread.description>A Bread that is made of honey and Bread.</honeybread.description>

  <sandwich.label>sandwich [2Tier]</sandwich.label>
  <sandwich.description>A sandwich that is made of meat and Bread.</sandwich.description>

  <Cake.label>Cake [2.5Tier]</Cake.label>
  <Cake.description>A Cake that is made of grain, fruit and milk. Hard to make, but delicious!</Cake.description>


</LanguageData>