﻿<?xml version="1.0" encoding="utf-8"?>
<LanguageData>

  <Plantredflower.label>Red flower</Plantredflower.label>
  <Plantredflower.description>Beatiful red flower.</Plantredflower.description>

  <Plantpurpleflower.label>Purple flower</Plantpurpleflower.label>
  <Plantpurpleflower.description>Beatiful purple flower.</Plantpurpleflower.description>

  <Planthoneyflower.label>Honey flower</Planthoneyflower.label>
  <Planthoneyflower.description>Honey flower is modified gene for produce honey.</Planthoneyflower.description>


</LanguageData>