﻿<?xml version="1.0" encoding="utf-8"?>
<LanguageData>

  <!-- 1티어 -->

  <sugarcane.label>sugarcane</sugarcane.label>
  <sugarcane.description>sugarcane is used to make sugar</sugarcane.description>

  <Cinnamon.label>Cinnamont</Cinnamon.label>
  <Cinnamon.description>Cinnamon is used in both sweet and savoury foods.</Cinnamon.description>

  <Pepper.label>Pepper</Pepper.label>
  <Pepper.description>Pepper is used in both sweet and savoury foods.</Pepper.description>

  <Black_Pepper.label>Black Pepper</Black_Pepper.label>
  <Black_Pepper.description>BlackPepper is used in both sweet and savoury foods.</Black_Pepper.description>


</LanguageData>