<?xml version="1.0" encoding="utf-8"?>

<LanguageData>

<FF_Ammunition_Primitive.label>primitive ammunition</FF_Ammunition_Primitive.label>
<FF_Ammunition_Primitive.description>Primitive ammunition, mostly consisting of arrows and pointy sticks thrown by muscular force.</FF_Ammunition_Primitive.description>

<FF_Ammunition_Preindustrial.label>pre-industrial ammunition</FF_Ammunition_Preindustrial.label>
<FF_Ammunition_Preindustrial.description>Pre-industrial ammunition consisting of crossbow bolts, gunpowder and musket bullets.</FF_Ammunition_Preindustrial.description>

<FF_Ammunition_Industrial.label>industrial ammunition</FF_Ammunition_Industrial.label>
<FF_Ammunition_Industrial.description>Standard issue industrial bullets and magazines of different calibers.</FF_Ammunition_Industrial.description>

<FF_Ammunition_Spacer.label>charged-shot ammunition</FF_Ammunition_Spacer.label>
<FF_Ammunition_Spacer.description>Spacer-tech bullets that can be charged with unstable energy.</FF_Ammunition_Spacer.description>

<FF_Ammunition_Ultratech.label>hex-cell ammunition</FF_Ammunition_Ultratech.label>
<FF_Ammunition_Ultratech.description>Rapidly discharging and recharging hex-cell batteries used in ultratech weaponry.</FF_Ammunition_Ultratech.description>

<FF_Ammunition_Archotech.label>archotech ammunition</FF_Ammunition_Archotech.label>
<FF_Ammunition_Archotech.description>Advanced cartridges used in archotech weaponry.</FF_Ammunition_Archotech.description>

</LanguageData>
