<?xml version="1.0" encoding="utf-8"?>

<LanguageData>
<!-- Mini Turret -->
  <Turret_MiniTurret.description>A portable automatic turret. Requires industrial ammo to reload. May explode when damaged. Its dumb AI brain can't be directly controlled, so beware of friendly fire.</Turret_MiniTurret.description>
  <Turret_MiniTurret.comps.CompRefuelable.fuelGizmoLabel>Ammo</Turret_MiniTurret.comps.CompRefuelable.fuelGizmoLabel>
  <Turret_MiniTurret.comps.CompRefuelable.fuelLabel>Shots until out of ammo</Turret_MiniTurret.comps.CompRefuelable.fuelLabel>
  <Turret_MiniTurret.comps.CompRefuelable.outOfFuelMessage>Cannot shoot: Out of ammo</Turret_MiniTurret.comps.CompRefuelable.outOfFuelMessage>
<!-- Autocannon Turret -->
  <Turret_Autocannon.description>A heavy automatic turret. Its large-caliber shells do heavy damage over significant ranges, but requires industrial ammo to reload. It cannot fire at close-up targets, and may explode when damaged.</Turret_Autocannon.description>
  <Turret_Autocannon.comps.CompRefuelable.fuelGizmoLabel>Ammo</Turret_Autocannon.comps.CompRefuelable.fuelGizmoLabel>
  <Turret_Autocannon.comps.CompRefuelable.fuelLabel>Shots until out of ammo</Turret_Autocannon.comps.CompRefuelable.fuelLabel>
  <Turret_Autocannon.comps.CompRefuelable.outOfFuelMessage>Cannot shoot: Out of ammo</Turret_Autocannon.comps.CompRefuelable.outOfFuelMessage>
<!-- Uranium Slug Turret -->
  <Turret_Sniper.label>heavy slug turret</Turret_Sniper.label>
  <Turret_Sniper.description>An armor-piercing turret. Its ultra-dense uranium barrel can punch through heavy armor, but it requires new heavy slugs to be loaded after use. It's more accurate at longer ranges, and can't fire at all close up. May explode when damaged.</Turret_Sniper.description>
  <Turret_Sniper.comps.CompRefuelable.fuelGizmoLabel>Ammo</Turret_Sniper.comps.CompRefuelable.fuelGizmoLabel>
  <Turret_Sniper.comps.CompRefuelable.fuelLabel>Shots until out of ammo</Turret_Sniper.comps.CompRefuelable.fuelLabel>
  <Turret_Sniper.comps.CompRefuelable.outOfFuelMessage>Cannot shoot: Out of ammo</Turret_Sniper.comps.CompRefuelable.outOfFuelMessage>

</LanguageData>
