<?xml version="1.0" encoding="utf-8"?>

<LanguageData>
<!-- Ceiling Turret -->
  <VTTurret_MiniTurret.description>A fixed automatic turret. Requires industrial ammo to reload. Cannot explode and fires with a higher efficency than normal turrets. High energy consumption.</VTTurret_MiniTurret.description>
  <VTTurret_MiniTurret.comps.CompRefuelable.fuelGizmoLabel>Ammo</VTTurret_MiniTurret.comps.CompRefuelable.fuelGizmoLabel>
  <VTTurret_MiniTurret.comps.CompRefuelable.fuelLabel>Shots until out of ammo</VTTurret_MiniTurret.comps.CompRefuelable.fuelLabel>
  <VTTurret_MiniTurret.comps.CompRefuelable.outOfFuelMessage>Cannot shoot: Out of ammo</VTTurret_MiniTurret.comps.CompRefuelable.outOfFuelMessage>

</LanguageData>
