﻿<?xml version="1.0" encoding="utf-8"?>
<LanguageData>

  <AteLessSalt.stages.0.label>Saltless.</AteLessSalt.stages.0.label>
  <AteLessSalt.stages.0.description>That Food was so tasteless. I think Adding Salt is better idea.</AteLessSalt.stages.0.description>


  <!-- Basic quality thoughts -->

  <Atesimplething.stages.0.label>ate simply.</Atesimplething.stages.0.label>
  <Atesimplething.stages.0.description>It was not bad.</Atesimplething.stages.0.description>

  <AteLawFruit.stages.0.label>ate Fruit</AteLawFruit.stages.0.label>
  <AteLawFruit.stages.0.description>That Fruit was fine. But I think It is better eating cooked one.</AteLawFruit.stages.0.description>

  <AteSugar.stages.0.label>ate sugar</AteSugar.stages.0.label>
  <AteSugar.stages.0.description>So sweet! sweet is all for me!</AteSugar.stages.0.description>

  <AteSpice.stages.0.label>ate Spice</AteSpice.stages.0.label>
  <AteSpice.stages.0.description>I know spice is essential ingredient for food!</AteSpice.stages.0.description>

  <AteMelon.stages.0.label>ate Melon</AteMelon.stages.0.label>
  <AteMelon.stages.0.description>Melon was so delicious!. I want to eat more!</AteMelon.stages.0.description>

  <AteFruitjuice.stages.0.label>ate Fruit Juice</AteFruitjuice.stages.0.label>
  <AteFruitjuice.stages.0.description>Fruit Juice was so delicious!. I want to eat more!</AteFruitjuice.stages.0.description>

  <AteYummy.stages.0.label>ate Yummy thing</AteYummy.stages.0.label>
  <AteYummy.stages.0.description>That was delicious!. I want to eat more!</AteYummy.stages.0.description>

  <AteCake.stages.0.label>ate Cake</AteCake.stages.0.label>
  <AteCake.stages.0.description>Cake was sooooo delicious!. I want to eat more Cake!!</AteCake.stages.0.description>

  <Atecongee.stages.0.label>ate congee</Atecongee.stages.0.label>
  <Atecongee.stages.0.description>congee was suck.. but I  should eat it sadly.</Atecongee.stages.0.description>

  <AteKobeBeef.stages.0.label>Ate Food made of Kobe Beef</AteKobeBeef.stages.0.label>
  <AteKobeBeef.stages.0.description>That was Nice!. Kobe beef is best meat!</AteKobeBeef.stages.0.description>


</LanguageData>