﻿<?xml version="1.0" encoding="utf-8"?>
<LanguageData>

  <Hedmilkthing.label>Ate milky food</Hedmilkthing.label>
  <Hedmilkthing.stages.0.label>Consumed : milky food</Hedmilkthing.stages.0.label>

  <HedCake.label>A mangé du Gâteau.</HedCake.label>
  <HedCake.stages.0.label> a consommé: Gâteau</HedCake.stages.0.label>

  <HedSalad.label>A mangé de la Salade.</HedSalad.label>
  <HedSalad.stages.0.label>a consommé: Salade.</HedSalad.stages.0.label>

  <HedSteamedVegetable.label>Ate SteamedVegetable</HedSteamedVegetable.label>
  <HedSteamedVegetable.stages.0.label>Consumed : SteamedVegetable</HedSteamedVegetable.stages.0.label>

  <Hedcongee.label>A mangé une soupe de Riz</Hedcongee.label>
  <Hedcongee.stages.0.label>a consommé: Soupe de Riz</Hedcongee.stages.0.label>

  <Heddumpling.label>A mangé des boulette de pâte.</Heddumpling.label>
  <Heddumpling.stages.0.label>A consommé: Boulette de pâte.</Heddumpling.stages.0.label>

  <Hedroastedmeat.label>A mangé du Rôtie de viande.</Hedroastedmeat.label>
  <Hedroastedmeat.stages.0.label>A consommé: Rôtie de Viande.</Hedroastedmeat.stages.0.label>

  <Hedgraintea.label>A mangé des graines de thé.</Hedgraintea.label>
  <Hedgraintea.stages.0.label>A consommé: Graines de Thé.</Hedgraintea.stages.0.label>

  <Hedvegetabletea.label>A bu du thé au légumes.</Hedvegetabletea.label>
  <Hedvegetabletea.stages.0.label>A consommé: Thé au légumes.</Hedvegetabletea.stages.0.label>

  <Hedfruittea.label>A bu du thé au fruit.</Hedfruittea.label>
  <Hedfruittea.stages.0.label>A consommé: Thé au Fruit.</Hedfruittea.stages.0.label>

  <Hedhoney.label>A mangé du miel.</Hedhoney.label>
  <Hedhoney.stages.0.label>A consommé: Miel.</Hedhoney.stages.0.label>

  <HedMakkoli.label>A bu du Makkoli.</HedMakkoli.label>
  <HedMakkoli.stages.0.label>A consommé: Makkoli.</HedMakkoli.stages.0.label>

  <HedSoju.label>A bu du Soju.</HedSoju.label>
  <HedSoju.stages.0.label>A consommé: Soju.</HedSoju.stages.0.label>

  <HedNutrientPaste.label>Ate NutrientPaste</HedNutrientPaste.label>
  <HedNutrientPaste.stages.0.label> Consumed : NutrientPaste</HedNutrientPaste.stages.0.label>


</LanguageData>