﻿<?xml version="1.0" encoding="utf-8"?>
<LanguageData>

  <RefineSalt.label>Produce salt x15 from raw salt</RefineSalt.label>
  <RefineSalt.description>Produce salt x10 from raw salt</RefineSalt.description>
  <RefineSalt.jobString>Produce salt x15 from raw salt</RefineSalt.jobString>

  <RefineSalts.label>Produce salt x60 from raw salt</RefineSalts.label>
  <RefineSalts.description>Produce salt x60 from raw salt</RefineSalts.description>
  <RefineSalts.jobString>Produce salt x60 from raw salt</RefineSalts.jobString>


</LanguageData>