﻿<?xml version="1.0" encoding="utf-8"?>
<LanguageData>

  <!-- 1티어 -->

  <CookSaltlessrice.label>cook Saltless rice</CookSaltlessrice.label>
  <CookSaltlessrice.description>cook Saltless rice.</CookSaltlessrice.description>
  <CookSaltlessrice.jobString>cooking Saltless rice.</CookSaltlessrice.jobString>

  <CookRice.label>cook rice</CookRice.label>
  <CookRice.description>cook rice.</CookRice.description>
  <CookRice.jobString>cooking rice.</CookRice.jobString>

  <CookRices.label>cook rice x4</CookRices.label>
  <CookRices.description>cook rice.</CookRices.description>
  <CookRices.jobString>cooking rice.</CookRices.jobString>


  <!-- 2티어 -->

  <Cookcongee.label>cook congee</Cookcongee.label>
  <Cookcongee.description>cook congee.</Cookcongee.description>
  <Cookcongee.jobString>cooking congee.</Cookcongee.jobString>

  <Cookcongees.label>cook congee x4</Cookcongees.label>
  <Cookcongees.description>cook congee x4.</Cookcongees.description>
  <Cookcongees.jobString>cooking congee.</Cookcongees.jobString>

  <CookVegetable_fried_rice.label>cook Vegetable_fried_rice</CookVegetable_fried_rice.label>
  <CookVegetable_fried_rice.description>cook Vegetable_fried_rice.</CookVegetable_fried_rice.description>
  <CookVegetable_fried_rice.jobString>cooking Vegetable_fried_rice.</CookVegetable_fried_rice.jobString>

  <CookVegetable_fried_rices.label>cook Vegetable_fried_rice x4</CookVegetable_fried_rices.label>
  <CookVegetable_fried_rices.description>cook Vegetable_fried_rice x4.</CookVegetable_fried_rices.description>
  <CookVegetable_fried_rices.jobString>cooking Vegetable_fried_rice.</CookVegetable_fried_rices.jobString>

  <CookRice_topped_with_meat.label>cook Rice_topped_with_meat</CookRice_topped_with_meat.label>
  <CookRice_topped_with_meat.description>cook Rice_topped_with_meat.</CookRice_topped_with_meat.description>
  <CookRice_topped_with_meat.jobString>cooking Rice_topped_with_meat.</CookRice_topped_with_meat.jobString>

  <CookRice_topped_with_meats.label>cook Rice_topped_with_meat x4</CookRice_topped_with_meats.label>
  <CookRice_topped_with_meats.description>cook Rice_topped_with_meat x4.</CookRice_topped_with_meats.description>
  <CookRice_topped_with_meats.jobString>cooking Rice_topped_with_meat x4.</CookRice_topped_with_meats.jobString>

  <CookKimbap.label>cook Kimbap</CookKimbap.label>
  <CookKimbap.description>cook Kimbap.</CookKimbap.description>
  <CookKimbap.jobString>cooking Kimbap.</CookKimbap.jobString>

  <CookKimbaps.label>cook Kimbap x4</CookKimbaps.label>
  <CookKimbaps.description>cook Kimbap x4.</CookKimbaps.description>
  <CookKimbaps.jobString>cooking Kimbap.</CookKimbaps.jobString>


</LanguageData>