﻿<?xml version="1.0" encoding="utf-8"?>
<LanguageData>

  <MakeSoju.label>Make Soju x5</MakeSoju.label>
  <MakeSoju.description>Make Soju x5</MakeSoju.description>
  <MakeSoju.jobString>Making Soju.</MakeSoju.jobString>

  <MakeWhiskey.label>Make Whiskey x5</MakeWhiskey.label>
  <MakeWhiskey.description>Make Whiskey x5</MakeWhiskey.description>
  <MakeWhiskey.jobString>Making Whiskey.</MakeWhiskey.jobString>

  <MakeVodka.label>Make Vodka x5</MakeVodka.label>
  <MakeVodka.description>Make Vodka x5</MakeVodka.description>
  <MakeVodka.jobString>Making Vodka.</MakeVodka.jobString>


</LanguageData>