﻿<?xml version="1.0" encoding="utf-8"?>
<LanguageData>

  <GrindGrainflour.label>grind Grain</GrindGrainflour.label>
  <GrindGrainflour.description>Grind Grain and get Grainflour x10</GrindGrainflour.description>
  <GrindGrainflour.jobString>Grinding Flour.</GrindGrainflour.jobString>

  <MakeDryfruit.label>Dry fruit</MakeDryfruit.label>
  <MakeDryfruit.description>Dry fruit and get dryfruit x10</MakeDryfruit.description>
  <MakeDryfruit.jobString>Drying fruit.</MakeDryfruit.jobString>

  <MakeFruitjuice.label>Make Fruitjuice</MakeFruitjuice.label>
  <MakeFruitjuice.description>Make Fruitjuice x10</MakeFruitjuice.description>
  <MakeFruitjuice.jobString>Making Fruitjuice.</MakeFruitjuice.jobString>

  <Cutting_Vegetable.label>Cutting Vegetable</Cutting_Vegetable.label>
  <Cutting_Vegetable.description>Cutting Vegetable x10</Cutting_Vegetable.description>
  <Cutting_Vegetable.jobString>Cutting Vegetable.</Cutting_Vegetable.jobString>

  <Makespicepowder.label>Make spice powder</Makespicepowder.label>
  <Makespicepowder.description>Make spice powder x10</Makespicepowder.description>
  <Makespicepowder.jobString>Making spice powder.</Makespicepowder.jobString>

  <Makesugar.label>Make sugar</Makesugar.label>
  <Makesugar.description>Make sugar x10</Makesugar.description>
  <Makesugar.jobString>Making sugar.</Makesugar.jobString>

  <Makesugarfromhoney.label>Make sugar from honey</Makesugarfromhoney.label>
  <Makesugarfromhoney.description>Make sugar from honey</Makesugarfromhoney.description>
  <Makesugarfromhoney.jobString>Making sugar.</Makesugarfromhoney.jobString>

  <MakeYeast.label>Make Yeast x5</MakeYeast.label>
  <MakeYeast.description>Make Yeast x5</MakeYeast.description>
  <MakeYeast.jobString>Making Yeast.</MakeYeast.jobString>


</LanguageData>