﻿<?xml version="1.0" encoding="utf-8"?>
<LanguageData>

  <Hedmilkthing.label>Ate milky food</Hedmilkthing.label>
  <Hedmilkthing.stages.0.label>Consumed : milky food</Hedmilkthing.stages.0.label>

  <HedCake.label>Ate Cake</HedCake.label>
  <HedCake.stages.0.label>Well eated : Cake</HedCake.stages.0.label>

  <HedSalad.label>Ate Salad</HedSalad.label>
  <HedSalad.stages.0.label>Consumed : Salad</HedSalad.stages.0.label>

  <HedSteamedVegetable.label>Ate SteamedVegetable</HedSteamedVegetable.label>
  <HedSteamedVegetable.stages.0.label>Consumed : SteamedVegetable</HedSteamedVegetable.stages.0.label>

  <Hedcongee.label>Ate congee</Hedcongee.label>
  <Hedcongee.stages.0.label>Consumed : congee</Hedcongee.stages.0.label>

  <Heddumpling.label>Ate dumpling</Heddumpling.label>
  <Heddumpling.stages.0.label> Consumed : dumpling</Heddumpling.stages.0.label>

  <Hedroastedmeat.label>Ate roastedmeat</Hedroastedmeat.label>
  <Hedroastedmeat.stages.0.label> Consumed : well cooked meat</Hedroastedmeat.stages.0.label>

  <Hedgraintea.label>Ate grain tea</Hedgraintea.label>
  <Hedgraintea.stages.0.label> Consumed : grain tea</Hedgraintea.stages.0.label>

  <Hedvegetabletea.label>Ate vegetable tea</Hedvegetabletea.label>
  <Hedvegetabletea.stages.0.label> Consumed : vegetable tea</Hedvegetabletea.stages.0.label>

  <Hedfruittea.label>Ate fruit tea</Hedfruittea.label>
  <Hedfruittea.stages.0.label> Consumed : fruit tea</Hedfruittea.stages.0.label>

  <Hedhoney.label>Ate honey</Hedhoney.label>
  <Hedhoney.stages.0.label> Consumed : honey</Hedhoney.stages.0.label>

  <HedMakkoli.label>Ate Makkoli</HedMakkoli.label>
  <HedMakkoli.stages.0.label> Consumed : Makkoli</HedMakkoli.stages.0.label>

  <HedSoju.label>Ate Soju</HedSoju.label>
  <HedSoju.stages.0.label> Consumed : Soju</HedSoju.stages.0.label>

  <HedNutrientPaste.label>Ate NutrientPaste</HedNutrientPaste.label>
  <HedNutrientPaste.stages.0.label> Consumed : NutrientPaste</HedNutrientPaste.stages.0.label>


</LanguageData>