﻿<?xml version="1.0" encoding="utf-8"?>
<LanguageData>

  <WeavingFlax.label>Weave Flax.</WeavingFlax.label>
  <WeavingFlax.description>Weave Flax.</WeavingFlax.description>
  <WeavingFlax.jobString>Weave Flax.</WeavingFlax.jobString>

  <WeavingHemp.label>Weave Hemp.</WeavingHemp.label>
  <WeavingHemp.description>Weave Hemp.</WeavingHemp.description>
  <WeavingHemp.jobString>Weave Hemp.</WeavingHemp.jobString>

  <WeavingCotton.label>Weave Cotton.</WeavingCotton.label>
  <WeavingCotton.description>Weave Cotton.</WeavingCotton.description>
  <WeavingCotton.jobString>Weave Cotton.</WeavingCotton.jobString>

  <WeavingDevilstrand_fiber.label>Weave Devilstrand_fiber.</WeavingDevilstrand_fiber.label>
  <WeavingDevilstrand_fiber.description>Weave Devilstrand_fiber.</WeavingDevilstrand_fiber.description>
  <WeavingDevilstrand_fiber.jobString>Weave Devilstrand_fiber.</WeavingDevilstrand_fiber.jobString>

  <WeavingSilk_fiber.label>Weave Silk Cocoon.</WeavingSilk_fiber.label>
  <WeavingSilk_fiber.description>Weave Silk Cocoon.</WeavingSilk_fiber.description>
  <WeavingSilk_fiber.jobString>Weave Silk Cocoon.</WeavingSilk_fiber.jobString>


</LanguageData>