﻿<?xml version="1.0" encoding="utf-8"?>
<LanguageData>

  <DigWater.label>Produire de l'eau x10 avec le vase</DigWater.label>
  <DigWater.description>Produire de l'eau avec le vase.</DigWater.description>
  <DigWater.jobString>Produire de l'eau avec le vase.</DigWater.jobString>

  <DigWaters.label>Produire de l'eau x40 avec le vase</DigWaters.label>
  <DigWaters.description>Produire de l'eau avec le vase.</DigWaters.description>
  <DigWaters.jobString>Produire de l'eau avec le vase.</DigWaters.jobString>

  <DigWaters_p.label>Produire de l'eau x40 avec la pompe</DigWaters_p.label>
  <DigWaters_p.description>Produire de l'eau avec la pompe.</DigWaters_p.description>
  <DigWaters_p.jobString>Produire de l'eau avec la pompe.</DigWaters_p.jobString>

  <DigWaters_ps.label>roduire de l'eau x80 avec la pompe</DigWaters_ps.label>
  <DigWaters_ps.description>Produire de l'eau avec la pompe.</DigWaters_ps.description>
  <DigWaters_ps.jobString>Produire de l'eau avec la pompe.</DigWaters_ps.jobString>

  <Makecompost.label>Produire du compost x3</Makecompost.label>
  <Makecompost.description>Produire du compost.</Makecompost.description>
  <Makecompost.jobString>Produire du compost.</Makecompost.jobString>

  <Makecomposts.label>Produire du compost x15</Makecomposts.label>
  <Makecomposts.description>Produire du compost.</Makecomposts.description>
  <Makecomposts.jobString>Produire du compost.</Makecomposts.jobString>

  <MakeRawFertilizer.label>Produire de l'engrais x3</MakeRawFertilizer.label>
  <MakeRawFertilizer.description>Produire de l'engrais. vous devez utilisez le baril pour le fermenter.</MakeRawFertilizer.description>
  <MakeRawFertilizer.jobString>Produire de l'engrais.</MakeRawFertilizer.jobString>

  <MakeRawFertilizers.label>Produire de l'engrais x15</MakeRawFertilizers.label>
  <MakeRawFertilizers.description>Produire de l'engrais. vous devez utilisez le baril pour le fermenter.</MakeRawFertilizers.description>
  <MakeRawFertilizers.jobString>Produire de l'engrais.</MakeRawFertilizers.jobString>

  <MakeIncubation_liquid_ingredient.label>Produce Raw Incubation liquid x5</MakeIncubation_liquid_ingredient.label>
  <MakeIncubation_liquid_ingredient.description>Produce Raw Incubation liquid.</MakeIncubation_liquid_ingredient.description>
  <MakeIncubation_liquid_ingredient.jobString>Produce Raw Incubation liquid.</MakeIncubation_liquid_ingredient.jobString>

  <MakeIncubation_liquid_ingredients.label>Produce Raw Incubation liquid x25</MakeIncubation_liquid_ingredients.label>
  <MakeIncubation_liquid_ingredients.description>Produce Raw Incubation liquid.</MakeIncubation_liquid_ingredients.description>
  <MakeIncubation_liquid_ingredients.jobString>Produce Raw Incubation liquid.</MakeIncubation_liquid_ingredients.jobString>


</LanguageData>