﻿<?xml version="1.0" encoding="utf-8"?>
<LanguageData>

  <!-- 1티어 -->

  <CookFruitJam.label>Cuisiner confiture de fruit.</CookFruitJam.label>
  <CookFruitJam.description>Cuisiner de la confiture.</CookFruitJam.description>
  <CookFruitJam.jobString>Cuisiner confiture de fruit.</CookFruitJam.jobString>

  <CookFruitJams.label>Cuisiner confiture de fruit x5.</CookFruitJams.label>
  <CookFruitJams.description>Cuisiner de la confiture.</CookFruitJams.description>
  <CookFruitJams.jobString>Cuisiner confiture de fruit.</CookFruitJams.jobString>


  <!-- 2티어 -->

  <Cooksmoothie.label>cook smoothie</Cooksmoothie.label>
  <Cooksmoothie.description>cook smoothie.</Cooksmoothie.description>
  <Cooksmoothie.jobString>cook Fruit smoothie.</Cooksmoothie.jobString>

  <Cooksmoothies.label>cook smoothie X4</Cooksmoothies.label>
  <Cooksmoothies.description>cook smoothie.</Cooksmoothies.description>
  <Cooksmoothies.jobString>cook Fruit smoothie.</Cooksmoothies.jobString>


</LanguageData>